Concept ID,Domain ID,Application Domain,Stakeholder(s),Context / Setting,Current Process / Situation,Candidate Problem,Observed / Expected Consequence,Affected Party,Initial Problem Statement,Source of Idea,Initial Evidence Available?,Stakeholder Access,Data / Evidence Access,Potential Computing Relevance,Scope Feasibility,Initial Concerns,Submitted By,Duplicate / Related To,Initial Decision,Reason for Decision,Notes,Date Added,Early Ethics / Privacy Risk,Evidence Classification,Evidence Scope,Magnitude Status,Conflicting Evidence / Alternative Explanation,Evidence Reachability,Stakeholder Access Status,Ethics / Privacy / Safety / Permission Sensitivity,Working Status,Next Action,Record Owner
C01,D02,"Teaching, Learning, and Academic Administration","Students, academic offices, and faculty advisers",One selected university academic-service transaction,"Students consult separate pages, ask peers, or visit offices to learn requirements and process steps","For one academic transaction, requirements, responsible offices, and process steps may be difficult to locate consistently across official and informal sources","Repeated inquiries, unnecessary visits, incomplete submissions, and delayed completion",Students and university staff,"Students completing one selected academic transaction currently rely on separate official and informal sources, but requirements and process steps may be difficult to locate consistently, potentially causing repeated inquiries, incomplete submissions, and delays.",Domain Explorer + group brainstorming,Unknown,High,Medium,High,High,Select exactly one transaction; compare only approved official requirements with actual inquiry and completion records.,AI-assisted curation,—,Hold,"Passes scope, access, and measurability gates; impact must be established from one transaction's repeated inquiries, incomplete submissions, and completion time.",Local evidence required before shortlisting: map the official workflow and quantify recurrence over one defined period.,2026-08-14,Low,Discovery,Unknown,Not established,Not yet checked,Unconfirmed,Likely,Low,Investigate,Local evidence required before shortlisting: map the official workflow and quantify recurrence over one defined period.,
C02,D07,Solid Waste Management Operations,"Facility managers, maintenance staff, and building users",Selected university buildings or common areas,Waste conditions are handled through routine inspection or informal reports,Waste volume and segregation problems may not be recorded consistently by location and time,Recurring problem areas may be missed or prioritized inefficiently,"Facility managers, maintenance staff, and building users","Facility staff in selected university buildings currently inspect waste conditions through routine checks or informal reports, but location- and time-based records may be incomplete, potentially limiting prioritization of recurring problem areas.",Domain Explorer + group brainstorming,Unknown,High,Medium,High,Medium,"Define limited waste categories, safe observation rules, and an operational consequence such as collection frequency, overflow duration, or contamination rate.",AI-assisted curation,—,Hold,Passes observability and computing-relevance gates; remains conditional until the operational consequence and recurrence are demonstrated.,Use non-identifying observations in selected areas and avoid interpreting individual behavior from waste conditions.,2026-08-14,Low,Discovery,Unknown,Not established,Not yet checked,Unconfirmed,Likely,Low,Investigate,Use non-identifying observations in selected areas and avoid interpreting individual behavior from waste conditions.,
C03,D16,"Employment, Skills, and School-to-Work Transition","Students, recent graduates, career offices, and local employers",University-to-employment transition for one entry-level role family,Students review vacancies individually and estimate whether their current skills match employer requirements,Required skills across comparable entry-level vacancies may be difficult to compare systematically,Preparation and applications may be unfocused while relevant skill gaps remain unclear,Students and recent graduates,"Students preparing for one entry-level role family currently review vacancies individually, but required skills across comparable postings may be difficult to compare systematically, potentially causing unfocused preparation and unclear skill gaps.",Domain Explorer + PSA workforce evidence,Some,High,High,High,High,"Use one role family, a defined posting period, transparent sampling, and employer or career-office triangulation; postings may not equal actual hiring priorities.",AI-assisted curation,—,Hold,"Strong public-data route, bounded comparison, and meaningful school-to-work consequence; local interpretation still needs stakeholder validation.",Official context: https://psa.gov.ph/content/psa-clears-jobs-and-skills-survey-encourages-participation-data-driven-evaluation-workforce,2026-08-14,Low,Discovery,Unknown,Not established,Not yet checked,Likely,Likely,Low,Investigate,Official context: https://psa.gov.ph/content/psa-clears-jobs-and-skills-survey-encourages-participation-data-driven-evaluation-workforce,
C04,D16,"Employment, Skills, and School-to-Work Transition","Students, career-office staff, internship coordinators, and partner employers",One university internship or placement cycle,"Applications, requirements, endorsements, and updates are coordinated through email, messages, forms, and spreadsheets","Application status, handoffs, and outstanding requirements may be fragmented across communication channels","Repeated follow-ups, incomplete handoffs, and avoidable processing delays may occur","Students, coordinators, and partner employers","Students and coordinators in one internship cycle currently manage requirements and status updates through several channels, but records and handoffs may be fragmented, potentially causing repeated follow-ups and processing delays.",Domain Explorer + group brainstorming,Unknown,High,Medium,High,High,"Confirm access to one complete cycle, define status and delay measures, and protect personal and employer information.",AI-assisted curation,—,Hold,Strong multi-actor workflow with measurable status gaps and delays; shortlisting requires an approved cycle and complete enough records.,"Map one cycle and count incomplete, duplicated, or delayed handoffs without evaluating individual performance.",2026-08-14,Medium,Discovery,Unknown,Not established,Not yet checked,Unconfirmed,Likely,Medium,Investigate,"Map one cycle and count incomplete, duplicated, or delayed handoffs without evaluating individual performance.",
C05,D04,Passenger Mobility and Local Transport Operations,Student commuters and public-transport drivers,One approved pickup point on one route during defined peak periods,Students estimate departure and waiting time using routine experience or informal updates,Vehicle arrival intervals and passenger waiting time may be unpredictable at the selected pickup point,Students may arrive late or allocate excessive buffer time,Student commuters,"Student commuters using one selected route currently estimate departure and waiting time from experience or informal updates, but arrival intervals may vary substantially, potentially causing late arrival or excessive waiting.",Domain Explorer + group brainstorming,Unknown,High,Medium,High,Medium,"Use one safe approved observation point; control for weather, traffic, day type, and observation period; do not identify drivers or passengers.",AI-assisted curation,Related to C06,Hold,Passes local observability and outcome-measurement gates; must prove recurrence and variability before any prediction concept is considered.,Record arrival intervals and waiting time across comparable periods and establish a simple schedule or historical-average baseline.,2026-08-14,Low,Discovery,Unknown,Not established,Not yet checked,Unconfirmed,Likely,Low,Investigate,Record arrival intervals and waiting time across comparable periods and establish a simple schedule or historical-average baseline.,
C06,D04,Passenger Mobility and Local Transport Operations,"Students, employees, drivers, and campus security personnel",One university entrance or loading/drop-off point during peak arrival,"Drivers stop, load, unload, and queue according to available space and informal coordination",Vehicle and pedestrian movement may become uncoordinated at the selected point during peak periods,"Localized queueing, obstruction, delay, and pedestrian conflict may recur",Campus users and security personnel,"Drivers and campus users at one selected loading or drop-off point currently coordinate through available space and informal practices, but peak-period flows may become uncoordinated, potentially causing recurring queueing, obstruction, and delay.",Domain Explorer + group brainstorming,Unknown,High,Medium,High,Medium,"Use an approved safe observation position and operational definitions for queue length, obstruction, delay, and pedestrian conflict.",AI-assisted curation,Related to C05,Hold,Bounded operational problem with measurable recurrence and safety-related consequences; requires site permission and a defensible observation protocol.,"Measure recurrence, duration, and peak conditions without identifying individuals or making enforcement judgments.",2026-08-14,Low,Discovery,Unknown,Not established,Not yet checked,Unconfirmed,Likely,Low,Investigate,"Measure recurrence, duration, and peak conditions without identifying individuals or making enforcement judgments.",
C07,D15,Student Support Services and Academic Well-being,Students and teachers,One program or year level during a defined assessment period,Teachers schedule assessments within individual courses while students combine requirements across subjects,Major deadlines and assessments may cluster across subjects within short time windows,Preparation time may be compressed and prioritization made more difficult,Students,"Students taking a defined set of courses currently combine independently scheduled assessments, but major requirements may cluster within short periods, potentially compressing preparation time and complicating prioritization.",Domain Explorer + group brainstorming,Unknown,High,High,Medium,High,Measure schedule clustering separately from study habits; use published schedules first and collect only limited voluntary feedback.,AI-assisted curation,—,Hold,"Feasible, non-sensitive scheduling analysis with a clear baseline; impact remains moderate and must be shown without overclaiming wellbeing or learning effects.",Calculate clustering frequency and workload proxies during one period before considering coordination or decision-support concepts.,2026-08-14,Medium,Discovery,Unknown,Not established,Not yet checked,Unconfirmed,Likely,Medium,Investigate,Calculate clustering frequency and workload proxies during one period before considering coordination or decision-support concepts.,
C08,D01,Agricultural Production and Farm Operations,Small-scale irrigating farmers and agricultural advisers,One crop and one accessible irrigated field setting during a dry period,Irrigation timing and amount are determined mainly through visual judgment and routine practice,Current irrigation decisions may not consistently match crop and soil moisture needs,Over- or under-irrigation may waste water and reduce crop quality or yield,Small-scale irrigating farmers,"Farmers in one selected crop setting currently determine irrigation timing and amount mainly through visual judgment, but decisions may not consistently match reference moisture needs, potentially causing water waste or crop stress.",Group-provided screened problem list,Unknown,Medium,Medium,High,Medium,"Requires a farm partner, reference soil-moisture measurements, one crop, and separation of decision error from water-supply and weather constraints.",AI-assisted curation,—,Hold,Narrow decision bottleneck with quantifiable resource and crop indicators; shortlisting depends on field access and a credible reference measurement.,"Document the current decision rule and compare it with reference measurements before proposing sensing, prediction, or automation.",2026-08-14,Low,Discovery,Unknown,Not established,Not yet checked,Unconfirmed,Unconfirmed,Low,Investigate,"Document the current decision rule and compare it with reference measurements before proposing sensing, prediction, or automation.",
C09,D01,Agricultural Production and Farm Operations,Small-scale farmers and produce buyers,One locally relevant perishable crop during one harvest period,Harvest timing is judged from experience and visible maturity cues,Current maturity judgments may not consistently identify the acceptable harvest window for the selected crop,Harvesting outside the target maturity window may reduce quality and market value,Small-scale farmers,"Farmers producing one selected perishable crop currently judge harvest timing from experience and visible cues, but maturity decisions may not consistently match an accepted reference window, potentially reducing quality and market value.",Group-provided screened problem list,Unknown,Medium,Medium,High,Medium,"Define one crop, an accepted maturity reference, the harvest window, postharvest quality measures, and reliable ground truth.",AI-assisted curation,—,Hold,Bounded timing decision with measurable quality and economic consequences; requires local crop access and qualified ground truth.,Compare current judgments with accepted maturity and quality measures rather than treating image classification accuracy as the outcome.,2026-08-14,Low,Discovery,Unknown,Not established,Not yet checked,Unconfirmed,Unconfirmed,Low,Investigate,Compare current judgments with accepted maturity and quality measures rather than treating image classification accuracy as the outcome.,
C10,D01,Agricultural Production and Farm Operations,"Small-scale grain farmers, dryer operators, and agricultural advisers","One grain, drying method, and storage setting in tropical conditions","Drying and storage decisions may rely on elapsed time, weather, touch, or occasional measurements",Moisture may not be monitored consistently enough to confirm safe and uniform drying or storage conditions,"Incomplete, delayed, or uneven drying can reduce grain quality and increase spoilage risk",Farmers and grain handlers,"Farmers or dryer operators using one selected drying and storage process may lack consistent moisture-based decision records, potentially allowing incomplete or uneven drying and avoidable grain-quality loss.",Group-provided screened problem list + PHilMech evidence,Some,Medium,Medium,High,Medium,"Use one grain, a calibrated reference moisture instrument, safe sampling, and a measurable quality outcome; do not make food-safety claims without qualified testing.",AI-assisted curation,—,Hold,Strong measurable postharvest-control problem with authoritative evidence and a defensible baseline; local partner and process data are still required.,Official evidence: https://rcef.philmech.gov.ph/?action=grainDrying&page=knowledgeBank,2026-08-14,Low,Discovery,Unknown,Not established,Not yet checked,Likely,Unconfirmed,Low,Investigate,Official evidence: https://rcef.philmech.gov.ph/?action=grainDrying&page=knowledgeBank,
C11,D24,Digital Safety and Data Privacy Practices,Students and institutional IT or data-protection personnel,Authorized phishing-awareness and reporting exercises in one university unit,Users judge suspicious messages individually and may be unsure how to report or escalate them,Students may have difficulty identifying selected phishing cues and following the institution's approved reporting process,"Risky responses, delayed reporting, and incomplete incident information may reduce the effectiveness of early response",Students and institutional support personnel,"Students in one university unit may recognize some suspicious-message cues but remain inconsistent in classifying selected scenarios and following the approved reporting process, potentially delaying safe escalation.",Official privacy advisories + benchmark gap scan,Some,High,Medium,High,High,Use only authorized simulated messages; never collect passwords or real credentials; coordinate with IT or the data-protection office and measure reporting behavior safely.,AI-assisted curation,—,Hold,High relevance and feasible controlled evaluation with clear behavioral and process measures; requires formal authorization and a non-deceptive debrief protocol.,Official context: https://privacy.gov.ph/npc-phe-bulletin-no-21-preventive-data-privacy-practices-against-smishing/,2026-08-14,Medium,Discovery,Unknown,Not established,Not yet checked,Likely,Likely,Medium,Investigate,Official context: https://privacy.gov.ph/npc-phe-bulletin-no-21-preventive-data-privacy-practices-against-smishing/,
C12,D23,MSME Operations and Digital Commerce,Local micro-retailers or online sellers,One small business handling orders and stock across two or more sales channels,"Orders, stock changes, and fulfillment status may be tracked separately in messages, platform dashboards, notebooks, or spreadsheets",Inventory and order status may become inconsistent across channels,"Overselling, missed updates, duplicate work, stockouts, or delayed fulfillment may occur","Micro-business owners, staff, and customers","A local micro-retailer using multiple sales channels may maintain order and inventory status in separate records, potentially causing inconsistent stock counts, repeated reconciliation, and fulfillment errors.",DTI digitalization priorities + benchmark gap scan,Some,Medium,Medium,High,Medium,"Requires one willing business partner, a defined product set and period, and protection of customer, sales, and financial data.",AI-assisted curation,—,Hold,"Meaningful MSME operational problem with measurable error, reconciliation-time, and fulfillment outcomes; shortlisting depends on partner access and proof of recurrence.",Official context: https://supplychainlogistics.dti.gov.ph/strategic-play/digitalization,2026-08-14,Medium,Discovery,Unknown,Not established,Not yet checked,Likely,Unconfirmed,Medium,Investigate,Official context: https://supplychainlogistics.dti.gov.ph/strategic-play/digitalization,
C13,D08,Energy Use and Facility Energy Management,"Facility managers, maintenance staff, and room users",Selected classrooms or offices in one building,"Lights, cooling, and plug loads are switched manually according to room use and routine checks",Energy-consuming equipment may remain active during unoccupied periods because occupancy and shutdown checks are not recorded consistently,Avoidable electricity use and operating cost may accumulate,Facility managers and the institution,"Selected rooms in one building may rely on manual switching and routine checks, but equipment use during unoccupied periods may not be recorded consistently, potentially causing avoidable electricity consumption.",DOE energy-efficiency policy + benchmark gap scan,Some,High,High,High,High,"Obtain facility permission, measure only approved circuits or equipment, control for room schedule and weather, and use a simple manual or schedule-based baseline.",AI-assisted curation,—,Hold,"High feasibility, objective outcome measures, and direct institutional impact; must confirm that unoccupied consumption is recurrent and material.",Official context: https://doe.gov.ph/site/eppb/articles/895904--energy-efficiency-and-conservation-roadmap-2017-2040,2026-08-14,Low,Discovery,Unknown,Not established,Not yet checked,Likely,Likely,Low,Investigate,Official context: https://doe.gov.ph/site/eppb/articles/895904--energy-efficiency-and-conservation-roadmap-2017-2040,
C14,D14,Accessibility and Inclusive Participation,"Students with disabilities, web administrators, and service-office staff",One high-use university digital service or online form,Users complete the service through an existing webpage or digital form with varying assistive-technology support,The selected digital service may contain accessibility barriers that prevent or slow independent task completion,"Users may encounter failed steps, longer completion time, or reliance on assistance",Students with disabilities and other users with access needs,"Users of one selected university digital service may encounter WCAG-related and task-level accessibility barriers, potentially preventing independent completion or increasing time and assistance required.",DICT accessibility standard + benchmark gap scan,Some,High,High,High,High,"Start with standards-based audit; involve representative users only with accessible consent, reasonable accommodations, and no unnecessary disability disclosure.",AI-assisted curation,—,Hold,"Strong standards-based evaluation path, bounded service task, and inclusion impact; requires careful co-validation with representative users or accessibility experts.",Official context: https://ictstatistics.dict.gov.ph/resources/,2026-08-14,Medium,Discovery,Unknown,Not established,Not yet checked,Likely,Likely,Medium,Investigate,Official context: https://ictstatistics.dict.gov.ph/resources/,
C15,D06,Water Service and Resource Management,"Households in one service zone, water-provider operators, and barangay or facility managers",One small water system or selected distribution zone with intermittent or variable service,"Operators rely on service complaints, pump or valve checks, and periodic or manual operating logs","Pressure, flow, and interruption events—and their likely operational causes—may not be recorded consistently by location and time","Service failures may be detected or diagnosed late, causing unstable service hours, repeated complaints, avoidable water loss, or inefficient maintenance",Households and water-provider personnel,"A selected local water system currently relies on complaints and periodic checks, but pressure, flow, and interruption events may not be recorded consistently by zone and time, potentially delaying detection and diagnosis of recurring service failures.",PIDS water-sector evidence + peer-reviewed intermittent-network and IoT monitoring studies,Some,Medium,Medium,High,Medium,"Requires provider permission, calibrated pressure or flow references, safe installation, a defined service zone, and controls for demand, power outages, and seasonal conditions; pressure change alone must not be labeled a leak.",AI-assisted curation,—,Hold,"Passes significance, computing-necessity, and evaluation gates using event-detection delay, service-hour reliability, record completeness, and comparison with manual logs; local recurrence and provider access remain unverified.",Evidence: https://www.pids.gov.ph/details/news/press-releases/water-districts-fall-behind-as-demand-exceeds-supply-pids-study | https://doi.org/10.3390/W12082143 | https://doi.org/10.3390/S20154247,2026-08-14,Medium,Discovery,Unknown,Not established,Not yet checked,Likely,Unconfirmed,Medium,Investigate,Evidence: https://www.pids.gov.ph/details/news/press-releases/water-districts-fall-behind-as-demand-exceeds-supply-pids-study | https://doi.org/10.3390/W12082143 | https://doi.org/10.3390/S20154247,
C16,D18,Environmental Condition Monitoring,"Students, teachers, facilities personnel, and school administrators",Selected naturally ventilated classrooms in one campus during defined warm-weather weeks,"Heat is managed through fans, windows, schedules, or class adjustments, while room conditions are checked only intermittently","Continuous room-level temperature, humidity, and air-movement records may be unavailable or not linked with occupancy and mitigation actions","Periods outside agreed thermal criteria may remain unidentified, limiting timely mitigation and contributing to discomfort, reduced task performance, or learning disruption","Students, teachers, and school administrators","Selected naturally ventilated classrooms currently use routine ventilation and schedule adjustments, but continuous thermal-condition records linked with occupancy and mitigation may be unavailable, potentially preventing staff from identifying when and where unacceptable conditions recur.",Philippine classroom thermal-comfort studies + DepEd extreme-heat guidance,Some,High,High,High,High,"Use calibrated instruments and a predeclared thermal reference; control for weather, time, occupancy, and room differences; avoid medical claims; obtain accessible consent for any voluntary comfort or task measures.",AI-assisted curation,Related to C13,Hold,"Strong local access, objective measurement, and comparison route using calibrated readings, accepted criteria, surveys or bounded task measures, and mitigation-period baselines; the local magnitude still needs to be established.",Evidence: https://bukidnon.deped.gov.ph/2024/04/05/official-statement-on-class-suspensions-and-shifting-to-adm-due-to-high-heat-index-other-calamities/ | https://doi.org/10.1051/e3sconf/202339601116 | https://doi.org/10.5281/zenodo.15531795,2026-08-14,Medium,Discovery,Unknown,Not established,Not yet checked,Likely,Likely,Medium,Investigate,Evidence: https://bukidnon.deped.gov.ph/2024/04/05/official-statement-on-class-suspensions-and-shifting-to-adm-due-to-high-heat-index-other-calamities/ | https://doi.org/10.1051/e3sconf/202339601116 | https://doi.org/10.5281/zenodo.15531795,
C17,D25,Mangrove Restoration/Environment and Conservation Operations,"Restoration-site managers, LGU environment personnel, conservation partners, and community monitors",One verified Iloilo mangrove-restoration site with a defined set of monitoring plots,"Survival and growth are checked periodically through field counts, fixed plots, photographs, and separate paper or spreadsheet records",Project-level survival and growth records may be incomplete or inconsistent across plots and monitoring dates,"Mortality hotspots, site or species mismatch, and maintenance needs may be detected late, weakening replanting priorities, accountability, and outcome reporting","Restoration managers, community partners, and communities benefiting from the restored ecosystem","A selected mangrove-restoration project currently uses periodic field monitoring, but survival and growth records may be incomplete or inconsistent across plots and dates, potentially delaying identification of mortality hotspots and weakening maintenance and replanting decisions.",DENR restoration-monitoring guidance + Southeast Asia systematic review + verified Iloilo restoration site,Some,Medium,Medium,High,Medium,"Requires formal site permission, an ecological validator, fixed and repeatable plots, safe field schedules, tide and weather controls, reliable ground truth, and a clear boundary between project monitoring and scientific habitat-condition measurement.",AI-assisted curation,—,Hold,"High ecological and management impact with an evaluable route against fixed-quadrat manual reference for completeness, counting error, time, survival estimates, and spatial consistency; partner authority and obtainable records are not yet confirmed.",Evidence: https://faspselib.denr.gov.ph/Materials/Detail/fec8cc55-253a-4788-b26b-3104b6be9a6d | https://www.bmb.gov.ph/the-katunggan-ecopark/ | https://doi.org/10.3389/fmars.2022.987737,2026-08-14,Medium,Discovery,Unknown,Not established,Not yet checked,Likely,Unconfirmed,Medium,Investigate,Evidence: https://faspselib.denr.gov.ph/Materials/Detail/fec8cc55-253a-4788-b26b-3104b6be9a6d | https://www.bmb.gov.ph/the-katunggan-ecopark/ | https://doi.org/10.3389/fmars.2022.987737,
C18,D05,Disaster Risk Reduction and Preparedness,"Barangay residents, municipal or barangay DRRM personnel, and managers of evacuation, health, or other critical facilities",One hazard-prone municipality or barangay road network under defined flood or rain-induced-landslide scenarios,"Preparedness maps identify hazards and facilities, but the effect of individual road disruptions on access may be assessed manually or not quantified","The locality may lack a current, validated analysis of which road-segment disruptions most reduce barangay access to selected critical facilities","Alternate-route, evacuation, clearing, and preparedness priorities may overlook road segments whose disruption produces the greatest loss of access","Residents, local planners, responders, and critical-facility users","A selected hazard-prone locality may have hazard and facility maps but lack a validated analysis of which road-segment disruptions most reduce access to critical facilities, potentially weakening alternate-route, evacuation, and clearing priorities.",MGB geohazard data + DSWD local incident evidence + peer-reviewed flood-accessibility studies,Some,Medium,Medium,High,Medium,Limit the study to one hazard and facility set; use historical or simulated closures and safe non-emergency validation; verify road and facility data with DRR personnel; do not present the output as real-time warning or guaranteed safe routing.,AI-assisted curation,—,Hold,"High societal consequence and genuine GIS or network-analysis need with measurable access-loss, travel-time, coverage, and expert-ranking outcomes; local closure history and DRRMO validation are still required.","Evidence: https://experience.arcgis.com/experience/c48f83f81f1548bdb0a76c61638d52d6 | https://reliefweb.int/report/philippines/dswd-dromic-report-1-flashflood-and-landslide-incidents-leon-iloilo-04-december-2022-6pm | https://doi.org/10.1186/s12942-022-00315-2 | https://doi.org/10.1596/1813-9450-9262 | Related current Iloilo City magnitude evidence: 72 flood-risk barangays, 25 storm-surge-risk barangays, and more than 263,000 residents exposed; this strengthens significance but does not by itself validate the road-access gap. https://www.pna.gov.ph/articles/1254925 | https://www.panaynews.net/72-iloilo-city-barangays-tagged-high-risk-flood-threat-looms-over-263k-residents/",2026-08-14,Low,Discovery,Unknown,Not established,Not yet checked,Likely,Unconfirmed,Low,Investigate,"Evidence: https://experience.arcgis.com/experience/c48f83f81f1548bdb0a76c61638d52d6 | https://reliefweb.int/report/philippines/dswd-dromic-report-1-flashflood-and-landslide-incidents-leon-iloilo-04-december-2022-6pm | https://doi.org/10.1186/s12942-022-00315-2 | https://doi.org/10.1596/1813-9450-9262 | Related current Iloilo City magnitude evidence: 72 flood-risk barangays, 25 storm-surge-risk barangays, and more than 263,000 residents exposed; this strengthens significance but does not by itself validate the road-access gap. https://www.pna.gov.ph/articles/1254925 | https://www.panaynews.net/72-iloilo-city-barangays-tagged-high-risk-flood-threat-looms-over-263k-residents/",
C19,D09,Food Logistics and Supply-Chain Operations,"Mango growers, consolidators, traders, transporters, wholesalers, and postharvest extension personnel",One defined Iloilo-to-Manila mango supply-chain segment across actual commercial shipments,"Ripeness and quality are commonly judged through manual inspection, while handling and environmental conditions may not be linked to verified arrival quality across the shipment","The selected chain may lack a current, field-validated, low-cost method for predicting arrival quality and avoidable postharvest loss early enough to support handling decisions","Reduced marketable volume and income, inconsistent fruit quality, food waste, and decisions made only after deterioration becomes visible","Growers, traders, transporters, retailers, and consumers","Actors in a selected Iloilo mango supply-chain segment may lack a field-validated method that connects observable shipment conditions with independently measured arrival quality, limiting early and evidence-based handling decisions.",SEARCA/ADB value-chain evidence + peer-reviewed field-monitoring and quality-prediction studies,Some,Unknown,Medium,High,Medium,"The 33.89% route estimate requires a current local baseline; secure one chain partner, repeated real shipments, calibrated reference measurements, and seasonal coverage; avoid a generic ripeness classifier or dashboard.",AI-assisted curation,—,Hold,"High economic and food-loss significance with measurable prediction and process outcomes; originality and feasibility depend on current field data, partner access, and comparison against the present inspection process.",Evidence: https://www.searca.org/press/postharvest-losses-ph-onion-tomato-mango-value-chains-bared | https://doi.org/10.1109/ICACSIS56558.2022.9923476,2026-08-14,Low,Discovery,Unknown,Not established,Not yet checked,Likely,Unconfirmed,Low,Investigate,Evidence: https://www.searca.org/press/postharvest-losses-ph-onion-tomato-mango-value-chains-bared | https://doi.org/10.1109/ICACSIS56558.2022.9923476,
C20,D03,Healthcare Service Delivery and Public Health Operations,"Eligible women, barangay health workers, midwives, nurses, screening providers, and local health-office planners","One authorized Iloilo RHU, city or municipal health office, or bounded cervical-cancer screening program","Screening, result notification, confirmatory assessment, referral, and care-linkage records may be split across paper lists, calls, and facilities; follow-up may be coordinated manually.","In a selected Iloilo cervical-cancer screening program, eligible women with an abnormal or action-requiring result may not consistently complete result notification, confirmatory assessment, referral, and indicated care; the location and magnitude of any pathway loss are not yet verified locally.","Unresolved pathway losses can delay clinical assessment and indicated care, reduce the benefit of early detection, and leave program managers unable to identify where continuity breaks down.","Eligible women, families, frontline health workers, and local health programs","A selected Iloilo cervical-cancer screening pathway may have unmeasured losses between screening, result communication, confirmatory assessment, referral, and indicated care, but local program records must first establish where and how often non-completion occurs.",Official Iloilo SUCCESS-FAP program + GLOBOCAN 2022 + Philippine screening evidence + digital-intervention reviews,Some,Unknown,Low,High,Medium,Do not infer local loss to follow-up from national burden or program existence; secure authorized aggregate pathway data and professional supervision; avoid AI diagnosis and a generic reminder or referral app already covered by existing studies; protect sensitive reproductive-health information.,AI-assisted curation,C21; C25 (related care-pathway follow-up and referral-coordination pattern),Hold,Very high and preventable burden with an active Northern Iloilo screening program and measurable pathway outcomes; remains Hold because public sources do not establish local screening-to-care dropout or a defensible gap beyond existing digital interventions.,"Corrected evidence: GLOBOCAN 2022 estimates 8,549 new cases and 4,380 deaths; cervical cancer ranked third by incidence among Philippine women, not second. Iloilo SUCCESS-FAP operated in Carles, Estancia, and Lemery. Local pathway non-completion is not yet verified. Evidence: https://gco.iarc.who.int/today/ | https://www.pna.gov.ph/articles/1242741 | https://www.pids.gov.ph/details/news/in-the-news/only-1-of-ph-women-screened-for-breast-cervical-cancer | https://iloilo.gov.ph/en/health-news/iloilos-success-fap-blueprint-cervical-cancer-prevention | https://doi.org/10.2196/23350 | https://doi.org/10.1371/journal.pone.0291931",2026-08-14,High,Discovery,Unknown,Not established,Not yet checked,Likely,Unconfirmed,High,Investigate,"Corrected evidence: GLOBOCAN 2022 estimates 8,549 new cases and 4,380 deaths; cervical cancer ranked third by incidence among Philippine women, not second. Iloilo SUCCESS-FAP operated in Carles, Estancia, and Lemery. Local pathway non-completion is not yet verified. Evidence: https://gco.iarc.who.int/today/ | https://www.pna.gov.ph/articles/1242741 | https://www.pids.gov.ph/details/news/in-the-news/only-1-of-ph-women-screened-for-breast-cervical-cancer | https://iloilo.gov.ph/en/health-news/iloilos-success-fap-blueprint-cervical-cancer-prevention | https://doi.org/10.2196/23350 | https://doi.org/10.1371/journal.pone.0291931",
C21,D03,Healthcare Service Delivery and Public Health Operations,"Newborns and parents, newborn-hearing screening centers, nurses, audiologists, ENT specialists, hospitals, and program administrators",One authorized hospital or accredited newborn-hearing screening center and its referral-to-confirmatory-testing pathway,"After initial screening, rescreening, comprehensive audiologic evaluation, referral, and intervention may involve multiple visits and facilities; follow-up and outcome records may be incomplete or manually reconciled.","Newborns who do not pass initial hearing screening may be lost before rescreening, diagnostic confirmation, or intervention; Philippine single-center evidence exists, but the magnitude and causes in an Iloilo pathway are unverified.","Infants may be lost to follow-up, confirmatory assessment may be delayed, and program managers may lack complete information for continuity and quality improvement.","Infants, parents or caregivers, clinicians, screening centers, and program administrators","A selected newborn-hearing pathway may lose infants between initial screening, rescreening, comprehensive audiologic evaluation, referral, and intervention, but local records must first establish the affected stage, recurrence, and causes.",Philippine single-center pathway evaluation + existing HeLe eHealth referral model + framework review,Some,Unknown,Low,High,Medium,The 2019 evidence is from one UST Hospital cohort in Manila and is not nationally or locally representative; secure a birthing or audiology partner and de-identified records; protect child health data; do not duplicate HeLe's existing web referral and tracking model.,AI-assisted curation,C20; C25 (related care-pathway follow-up and referral-coordination pattern),Hold,"The care-pathway consequence and Philippine dropout evidence are strong, but the exact digital referral and tracking solution already exists in the HeLe model and no Iloilo-specific failure is verified; proceed only if a remaining barrier such as offline access, interoperability, sustainability, or intervention availability is demonstrated.","Verified evidence: in a 2019 UST Hospital cohort of 778 newborns, 81 (10.4%) did not pass initial screening, 11 also did not pass rescreening, none of those 11 completed comprehensive audiologic evaluation, and 67 total dropouts occurred. This is single-center Manila evidence. HeLe already implemented Philippine web-based referral and tracking. Evidence: https://pjohns.pso-hns.org/index.php/pjohns/article/view/2137/2177 | https://doi.org/10.47895/amp.v57i9.5332",2026-08-14,High,Discovery,Unknown,Not established,Not yet checked,Likely,Unconfirmed,High,Investigate,"Verified evidence: in a 2019 UST Hospital cohort of 778 newborns, 81 (10.4%) did not pass initial screening, 11 also did not pass rescreening, none of those 11 completed comprehensive audiologic evaluation, and 67 total dropouts occurred. This is single-center Manila evidence. HeLe already implemented Philippine web-based referral and tracking. Evidence: https://pjohns.pso-hns.org/index.php/pjohns/article/view/2137/2177 | https://doi.org/10.47895/amp.v57i9.5332",
C22,D13,Community Safety and Emergency Response,"Road users, local traffic-management office, police, city or municipal engineering office, emergency responders, and local planners","One city or municipality with bounded road-crash records, traffic exposure data, and a defined intervention-planning process","Agencies may maintain separate or incomplete crash records, while conventional hotspot maps often rank locations using raw crash counts without exposure, data-quality, or intervention constraints","The locality may lack a reconciled, exposure-aware, and decision-oriented method for prioritizing road-safety interventions using available crash, road, and traffic information","High-risk locations or contributing conditions may be misranked, and limited engineering, enforcement, or education resources may be allocated without transparent evidence","Drivers, passengers, pedestrians, cyclists, responders, and local government","A selected locality may lack a validated method for reconciling available crash records and prioritizing road-safety interventions after accounting for traffic exposure, data quality, and local resource constraints.",Philippine Statistics Authority mortality data + Philippine crash-data quality research + local hotspot-analysis literature,Some,Unknown,Medium,High,Medium,Generic hotspot mapping is already saturated; obtain de-identified multi-source records and traffic exposure measures; address underreporting; avoid invasive driver surveillance; evaluate prioritization against expert or historical decisions.,AI-assisted curation,—,Hold,"Very high safety significance with measurable ranking, coverage, agreement, and decision-quality outcomes; defensibility depends on moving beyond raw-count hotspot maps and securing usable local records.",Evidence: https://psa.gov.ph/statistics/vital-statistics/node/1684076211 | https://doi.org/10.1136/injuryprev-2018-safety.485 | https://doi.org/10.18421/10.18421/SAR82-08,2026-08-14,Low,Discovery,Unknown,Not established,Not yet checked,Likely,Unconfirmed,Low,Investigate,Evidence: https://psa.gov.ph/statistics/vital-statistics/node/1684076211 | https://doi.org/10.1136/injuryprev-2018-safety.485 | https://doi.org/10.18421/10.18421/SAR82-08,
C23,D07,Solid Waste Management Operations,"Barangay or cluster MRF operators, waste collectors, MENRO/ENRO staff, barangay officials, and waste generators",One selected barangay or cluster materials recovery facility with existing records and permission for a bounded physical-flow audit,"Received, sorted, recovered, residual, and transferred waste may be recorded in paper, spreadsheet, or separate logs; aggregate reports may not be routinely reconciled with independent physical measurements","At a selected MRF, recorded incoming, recovered, residual, and transferred waste may not reconcile with physical weights, leaving diversion rates and operational loss points unverifiable","Inaccurate diversion reporting, undetected contamination or leakage, weak allocation of collection and processing resources, and limited evidence for corrective action","MRF workers, waste generators, barangay or city environment offices, local government, and communities served","A selected materials recovery facility may lack a consistent, audit-ready method for reconciling waste-flow records with independent measurements, preventing reliable verification of diversion performance and identification of operational loss points.",Domain Explorer + official performance-audit evidence + academic saturation scan,Some,Medium,Medium,High,Medium,"Secure one MRF/MENRO partner; define a short audit period and limited waste categories; use calibrated reference measurements and safe handling/PPE; avoid a generic smart-bin or reporting-app concept; evaluate record accuracy and operational decisions, not only usability.",AI-assisted research curation,"C02 (distinct setting, evidence, and outcome)",Hold,"High public-service relevance and a measurable record-to-physical-flow gap; desk evidence supports the problem shape, but recurrence, usable baseline records, and a committed local partner must be confirmed before shortlisting.",Evidence: https://www.coa.gov.ph/reports/performance-audit-reports/2023-2/solid-waste-management-program/ | https://doi.org/10.1109/HNICEM60674.2023.10589249 | https://doi.org/10.5281/zenodo.17018819,2026-08-14,Low,Discovery,Unknown,Not established,Not yet checked,Likely,Unconfirmed,Low,Investigate,Evidence: https://www.coa.gov.ph/reports/performance-audit-reports/2023-2/solid-waste-management-program/ | https://doi.org/10.1109/HNICEM60674.2023.10589249 | https://doi.org/10.5281/zenodo.17018819,
C24,D24,Digital Safety and Data Privacy Practices,"University students; official Philippine online-scam reporting agencies as contextual stakeholders; cybersecurity, privacy, or usable-security validators",Controlled university usable-security study using synthetic online-scam scenarios. Participants may inspect official public reporting guidance and channels but will not submit synthetic reports to live government systems.,"Users must determine the incident type, identify an appropriate official reporting pathway, interpret evidence requirements, and decide what sensitive information is necessary by consulting available official reporting guidance and channels.","University students may make incorrect, inefficient, or privacy-risky reporting decisions when scam incidents are partially ambiguous, several official reporting channels appear plausible, and available evidence contains sensitive information.","Incorrect or less appropriate pathway selection, longer navigation time, unnecessary navigation, incomplete evidence preparation, task non-completion, and unnecessary disclosure of sensitive information may occur.","University students or other online-scam reporters, and official agencies responsible for receiving and processing reports","University students navigating official Philippine online-scam reporting pathways may have difficulty identifying an appropriate reporting channel efficiently and safely when incidents are ambiguous, multiple official channels appear plausible, and available evidence contains sensitive information. The extent and recurrence of this difficulty have not yet been established locally.",Domain Explorer + official complaint/reporting sources + academic underreporting/usability evidence + DSR usable-security framing,Some,High,High,High,High,"Official reporting jurisdictions may overlap, making ground-truth routing difficult to define; official guidance may change; synthetic scenarios may not fully represent real victim conditions; repeated scenarios may create learning effects. Use only synthetic evidence and never submit fabricated reports.",AI-assisted research curation,"C11 — related digital-safety/reporting research, but C24 evaluates external official scam-reporting pathways rather than institutional phishing reporting.",Hold,Strong usable-security/HCI research direction with measurable behavioral outcomes and a feasible controlled evaluation path. Keep on Hold until local task-performance difficulty is demonstrated and acceptable reporting pathways can be authoritatively defined.,Evidence: https://www.pna.gov.ph/articles/1243101 | https://www.pna.gov.ph/articles/1228318 | https://www.doj.gov.ph/reporting_cybercrime.html | https://doi.org/10.1109/ICCCF.2016.7740424 | https://doi.org/10.1109/ECRIME47957.2019.9037577 | https://doi.org/10.54501/jots.v2i4.204 | Problem-bank note: local task-performance evidence is still required before shortlisting.,2026-08-14,Medium,Discovery,Unknown,Not established,Not yet checked,Likely,Likely,Medium,Investigate,Evidence: https://www.pna.gov.ph/articles/1243101 | https://www.pna.gov.ph/articles/1228318 | https://www.doj.gov.ph/reporting_cybercrime.html | https://doi.org/10.1109/ICCCF.2016.7740424 | https://doi.org/10.1109/ECRIME47957.2019.9037577 | https://doi.org/10.54501/jots.v2i4.204 | Problem-bank note: local task-performance evidence is still required before shortlisting.,
C25,D03,Healthcare Service Delivery and Public Health Operations,"Pregnant women, midwives, RHU and birthing-facility staff, receiving-hospital personnel, MHO or PHO coordinators, and maternal-health professionals",One selected local maternal referral network linking an RHU or birthing facility with a receiving hospital,"Maternal referrals may use paper or differently formatted records, phone calls, or informal coordination; acknowledgement, receiving-facility feedback, and final referral outcome may not be consistently documented.","Referral records may be incomplete or inconsistent and may lack closed-loop acknowledgement and outcome feedback, limiting receiving-facility preparation and making referral completion difficult to verify.","Missing or delayed information may require repeated clarification, weaken transfer preparation and continuity of care, and prevent reliable monitoring of unresolved referrals.","Pregnant women and newborns, referring and receiving health workers, facilities, and local health managers","In a selected maternal referral network, records sent by RHUs or birthing facilities to receiving hospitals may be incomplete, inconsistently formatted, or lack acknowledgement and outcome feedback, limiting receiving-facility preparation and making referral completion difficult to verify.",Domain Explorer + Philippine maternal-referral evidence + framework review,Some,Unknown,Low,High,Medium,"Requires an authorized MHO, RHU, birthing-facility, or hospital partner; use de-identified records or controlled simulation; require maternal-health professional supervision and ethics or privacy approval; do not automate clinical risk diagnosis or triage.",AI-assisted research curation,C20; C21 (related closed-loop referral and follow-up pattern),Hold,"Philippine studies document referral coordination and information-quality problems with measurable process outcomes, but the same bottleneck, data access, and partner support must be confirmed in one Iloilo network before shortlisting.","Evidence: an Albay study identified coordination, data-management, and referral-protocol barriers (peer reviewed): https://doi.org/10.47895/AMP.V54I5.664 | A Cagayan de Oro preprint reviewed 3,330 referral forms, sampled 384, found 126 (31.8%) used the standard form, and none met all 14 completeness criteria: https://www.medrxiv.org/content/10.1101/2022.03.31.22273250v1.full-text",2026-08-14,High,Discovery,Unknown,Not established,Not yet checked,Likely,Unconfirmed,High,Investigate,"Evidence: an Albay study identified coordination, data-management, and referral-protocol barriers (peer reviewed): https://doi.org/10.47895/AMP.V54I5.664 | A Cagayan de Oro preprint reviewed 3,330 referral forms, sampled 384, found 126 (31.8%) used the standard form, and none met all 14 completeness criteria: https://www.medrxiv.org/content/10.1101/2022.03.31.22273250v1.full-text",
C26,D03,Healthcare Service Delivery and Public Health Operations,"People who may benefit from HIV testing or prevention services, young people, authorized HIV-clinic personnel, public-health staff, and community-service organizations","One authorized Iloilo HIV clinic, treatment hub, or bounded provincial testing-and-linkage pathway","Iloilo operates several HIV clinics and free-testing sites, but provincial reporting identifies low testing and diagnosis coverage, limited treatment and viral-suppression coverage, poor health-seeking behavior, and minimal testing uptake among young people.","People who may benefit from HIV services may delay or avoid testing, while some diagnosed clients may not complete linkage to treatment and continuing care; the exact stage-specific causes within a selected clinic remain unverified.","Delayed diagnosis or incomplete linkage can reduce timely access to prevention and treatment services and weaken progress toward provincial testing, treatment, and viral-suppression targets.","People seeking confidential HIV services, their support networks, authorized providers, and the provincial health system","Within a selected authorized Iloilo HIV-service pathway, low testing uptake or incomplete linkage between diagnosis, treatment, and continuing care may limit timely access to confidential services, but the local workflow causes must be established without exposing or stigmatizing individuals.",D03 Health Landscape + official Iloilo Provincial Local AIDS Council evidence,Yes,Unknown,Low,High,Low,"Exceptionally sensitive and stigmatized context; proceed only through an authorized clinic or public-health partner; use de-identified aggregate data; do not create public risk scores, collect unnecessary identity or behavior data, or expose clinic attendance.",AI-assisted research curation,C20; C21; C25 (related care-pathway completion pattern; distinct population and ethics),Hold,"The local magnitude and service pathway are publicly documented, giving this direction strong impact potential; it remains Hold because stakeholder authorization, ethical access, and a precise clinic-level failure point are not confirmed.","Official Iloilo evidence reported 1,988 diagnosed among an estimated 4,800 PLHIV as of June 2025 (41%); 1,583 of those diagnosed were treated (80%), and 1,065 of those treated had suppressed viral load (67%). The same source identified low youth testing uptake. Evidence: https://www.iloilo.gov.ph/en/health-news/get-tested-now-iloilo-aids-council-toughens-preventive-control-measures-vs-hiv",2026-08-14,High,Discovery,Unknown,Not established,Not yet checked,Reachable,Unconfirmed,High,Investigate,"Official Iloilo evidence reported 1,988 diagnosed among an estimated 4,800 PLHIV as of June 2025 (41%); 1,583 of those diagnosed were treated (80%), and 1,065 of those treated had suppressed viral load (67%). The same source identified low youth testing uptake. Evidence: https://www.iloilo.gov.ph/en/health-news/get-tested-now-iloilo-aids-council-toughens-preventive-control-measures-vs-hiv",
C27,D03,Healthcare Service Delivery and Public Health Operations,"Adults enrolled in or reached by community chronic-disease services, barangay health workers, nurses, physicians, primary-care facilities, medicine providers, and local program managers",One selected Iloilo Healthy Hearts or primary-care site and one bounded hypertension care pathway,"Iloilo's Healthy Hearts Program has expanded across the province and tracks enrollment and blood-pressure control, but public reporting does not show whether patients consistently complete confirmation, enrollment, follow-up visits, medicine continuity, and repeated control monitoring at each site.","At a selected site, adults identified with elevated blood pressure may experience an unmeasured breakdown between repeat measurement, clinical confirmation, program enrollment, medicine access, follow-up, and continuing control monitoring.","Unrecognized pathway losses may contribute to persistent uncontrolled blood pressure, delayed care, preventable complications, and incomplete evidence for local program improvement.","Adults with elevated blood pressure, families, barangay health workers, primary-care teams, and program managers","A selected Iloilo hypertension-care pathway may have unmeasured losses between community identification, confirmation, enrollment, medicine continuity, follow-up, and control monitoring, but the exact failure point and recurrence must be established from site records.",D03 Health Landscape + official Iloilo Healthy Hearts implementation and outcome reports,Some,Unknown,Low,High,Medium,"Limit the study to one condition, site, and pathway stage; require an authorized primary-care partner and de-identified records; do not automate diagnosis or treatment; clarify the arithmetic inconsistency in the public outcome report before using its percentage as a baseline.",AI-assisted research curation,C20; C25; C26; C29 (related screening or outreach-to-care continuity pattern),Hold,"The program has substantial local reach, a defined care cascade, and measurable continuity outcomes; it remains Hold because public sources mainly report program success and do not establish a recurring site-level continuity failure.","Official sources document province-wide expansion and report 22,395 enrolled patients. The outcome page states that 86.6% (17,182 patients) had controlled blood pressure, but 17,182 divided by 22,395 is about 76.7%, so the reported percentage and count require clarification. Evidence: https://www.iloilo.gov.ph/en/health-news/healthy-hearts-program-expands-16-sites-iloilo-province | https://www.iloilo.gov.ph/index.php/en/health-news/resolve-save-lives-lauds-iloilos-healthy-hearts-program-outcome",2026-08-14,High,Discovery,Unknown,Not established,Not yet checked,Likely,Unconfirmed,High,Investigate,"Official sources document province-wide expansion and report 22,395 enrolled patients. The outcome page states that 86.6% (17,182 patients) had controlled blood pressure, but 17,182 divided by 22,395 is about 76.7%, so the reported percentage and count require clarification. Evidence: https://www.iloilo.gov.ph/en/health-news/healthy-hearts-program-expands-16-sites-iloilo-province | https://www.iloilo.gov.ph/index.php/en/health-news/resolve-save-lives-lauds-iloilos-healthy-hearts-program-outcome",
C28,D03,Healthcare Service Delivery and Public Health Operations,"Residents, barangay health workers, municipal or city health offices, the Provincial Epidemiology and Surveillance Unit, dengue-response teams, hospitals, and local officials",One selected Iloilo municipality or barangay cluster and its surveillance-to-local-action workflow,"Provincial surveillance data inform task-force, municipal, and barangay prevention activities, including localized vector-control and education measures; public reports document case burden and response outcomes but not the timeliness or verification of each local action.","In a selected locality, dengue surveillance information may not always be converted into timely, documented, and verifiable barangay-level prevention or response actions; whether this operational delay occurs remains unverified.","Delayed or poorly documented action may prolong preventable exposure, make resource prioritization less transparent, and limit evaluation of which local interventions were completed and effective.","Residents, barangay and municipal health personnel, hospitals, response teams, and local government","A selected Iloilo locality may have an unmeasured delay or documentation gap between dengue surveillance signals and completed barangay-level prevention actions, but the existence, frequency, and consequence of that operational gap must first be verified.",D03 Health Landscape + official Iloilo dengue surveillance and response reports,Some,Unknown,Medium,High,Medium,Do not create another generic case dashboard or hotspot map; identify one operational decision and response stage; distinguish reporting delay from action delay; use aggregate geographic data and avoid exposing households or individuals.,AI-assisted research curation,C22 (related prioritization pattern in a different domain; avoid generic hotspot mapping),Hold,Dengue has high local consequence and a defined surveillance-to-action pathway with measurable timing and completion outcomes; it remains Hold because available evidence documents burden and a successful coordinated response rather than a specific operational failure.,"Official retrospective reporting states that early 2025 projections reached 21,000 cases, while coordinated provincial and local action limited the reported total to about 5,700 and identified 483 dengue-free barangays. This establishes relevance, not a failure. Evidence: https://iloilo.gov.ph/en/health-news/iloilo-provincial-government-grants-5000-incentives-2025-dengue-free-barangays | https://www.pna.gov.ph/articles/1245627",2026-08-14,Medium,Discovery,Unknown,Not established,Not yet checked,Likely,Unconfirmed,Medium,Investigate,"Official retrospective reporting states that early 2025 projections reached 21,000 cases, while coordinated provincial and local action limited the reported total to about 5,700 and identified 483 dengue-free barangays. This establishes relevance, not a failure. Evidence: https://iloilo.gov.ph/en/health-news/iloilo-provincial-government-grants-5000-incentives-2025-dengue-free-barangays | https://www.pna.gov.ph/articles/1245627",
C29,D03,Healthcare Service Delivery and Public Health Operations,"Patients reached through PHO on Wheels or another health caravan, caregivers, outreach staff, barangay health workers, primary-care facilities, referral facilities, and local program managers",One selected PHO on Wheels or health-caravan activity and its bounded post-outreach referral pathway,"Iloilo outreach activities provide consultations, dental care, chest X-rays, and other services in communities; public reports describe service delivery but do not show whether patients needing further assessment, referral, or treatment complete the next step.","Patients identified during a selected outreach activity as needing additional assessment, diagnostic testing, referral, or treatment may have no consistently documented completion outcome; whether and how often this occurs remain unverified.",Temporary service contact without continuity may delay needed follow-up and leave outreach teams unable to determine whether referrals were completed or which barriers require action.,"Outreach participants and caregivers, barangay health workers, primary-care and referral teams, and program managers","A selected Iloilo outreach-service pathway may lack complete evidence that patients referred for additional assessment, testing, or treatment completed the next step, but the occurrence and magnitude of this follow-up problem must first be established.",D03 Health Landscape + official Iloilo PHO on Wheels and health-caravan reports,Some,Unknown,Low,High,Medium,"Select only one outreach program, service type, locality, and follow-up stage; require an authorized outreach or primary-care partner and de-identified aggregate records; do not assume non-completion from the absence of public reporting.",AI-assisted research curation,C20; C21; C25; C26; C27 (related referral or follow-up pattern),Hold,"The outreach pathway is concrete, locally active, and potentially measurable without proposing a generic health app; it remains Hold because public sources verify service delivery but do not document post-outreach loss to follow-up.","Official Iloilo reports verify PHO on Wheels and community health caravans providing consultations, dental care, chest X-rays, and related services, but they provide no referral-completion figures. Evidence: https://iloilo.gov.ph/en/health-news/bringing-essential-health-services-closer-community | https://iloilo.gov.ph/en/health-news/health-caravan-brings-vital-services-talo-ato-residents",2026-08-14,High,Discovery,Unknown,Not established,Not yet checked,Likely,Unconfirmed,High,Investigate,"Official Iloilo reports verify PHO on Wheels and community health caravans providing consultations, dental care, chest X-rays, and related services, but they provide no referral-completion figures. Evidence: https://iloilo.gov.ph/en/health-news/bringing-essential-health-services-closer-community | https://iloilo.gov.ph/en/health-news/health-caravan-brings-vital-services-talo-ato-residents",
C30,D05,Disaster Risk Reduction and Preparedness,"Iloilo City residents, barangay officials, CDRRMO, City Engineer's Office, DPWH or drainage personnel, solid-waste personnel, and maintenance crews",One recurrently flooded Iloilo City drainage corridor or catchment during a defined wet-season period,"Iloilo City conducts de-clogging and waterway-cleaning operations. Reports cite 421 maintenance operations from July 2025 to June 2026 and more than 700 kg of waste removed from drainage waterways daily, while local reporting also identifies drainage capacity, intense rainfall, and saturated soil as possible flood causes.","In a selected flood-prone drainage corridor, available maintenance and field records may not show which recurring obstruction points materially impair drainage or which locations should be prioritized; the obstruction contribution relative to rainfall, undersized drainage, and saturated soil remains unverified.","Maintenance resources may be repeatedly deployed without clear evidence of which sites and actions reduce flood depth, duration, or recurrence, while avoidable obstructions may persist.","Residents, road users, businesses, maintenance crews, and local government","A selected Iloilo City drainage corridor may have recurring obstruction points whose contribution to flooding and priority for maintenance are not established from combined maintenance, field, rainfall, and flood observations.",D05 Disaster Risk Reduction landscape + official and local Iloilo flood-maintenance reporting,Yes,Unknown,Medium,High,Medium,"Isolate obstruction effects from rainfall intensity, drainage capacity, tides, and saturated soil; require safe field procedures and agency permission; do not attribute responsibility to households or barangays without evidence.",AI-assisted research curation,C18; C23 (related hazard or waste context; distinct bottleneck and outcome),Hold,Current local reporting shows a large and recurrent maintenance burden with measurable operational and flood outcomes; the causal contribution of specific obstruction points and the actual prioritization workflow still require local verification.,Local reports cite 421 de-clogging or maintenance operations from July 2025 to June 2026 and more than 700 kg of waste removed from waterways daily. Evidence: https://www.panaynews.net/iloilo-eyes-lasting-flood-fix-drainage-master-plan-to-go-beyond-421-declogging-ops/ | https://www.panaynews.net/dirty-burden-iloilo-citys-waterway-trash-surges-past-700-kilos-daily-barangays-along-creeks-to-be-held-accountable/ | https://pia.gov.ph/news/oplan-kontra-baha-seeks-cleaner-waterways-mitigates-flood-in-iloilo-city/ | Multi-cause caution: https://www.imtnews.ph/torrential-rain-clogged-drains-saturated-soil-blamed-for-flooding-in-iloilo-city/,2026-08-14,Low,Discovery,Unknown,Not established,Not yet checked,Reachable,Unconfirmed,Low,Ready for Problem Brief,Local reports cite 421 de-clogging or maintenance operations from July 2025 to June 2026 and more than 700 kg of waste removed from waterways daily. Evidence: https://www.panaynews.net/iloilo-eyes-lasting-flood-fix-drainage-master-plan-to-go-beyond-421-declogging-ops/ | https://www.panaynews.net/dirty-burden-iloilo-citys-waterway-trash-surges-past-700-kilos-daily-barangays-along-creeks-to-be-held-accountable/ | https://pia.gov.ph/news/oplan-kontra-baha-seeks-cleaner-waterways-mitigates-flood-in-iloilo-city/ | Multi-cause caution: https://www.imtnews.ph/torrential-rain-clogged-drains-saturated-soil-blamed-for-flooding-in-iloilo-city/,
C31,D05,Disaster Risk Reduction and Preparedness,"Residents of flood-prone communities, evacuees, barangay DRRM personnel, CDRRMO or PDRRMO staff, weather-information officers, and local media",One Iloilo barangay cluster exposed to a tropical cyclone and continuing southwest-monsoon rainfall,"Storm and rainfall advisories are issued through official and media channels, but a cyclone can exit the Philippine Area of Responsibility while enhanced southwest-monsoon rainfall and flooding continue. A July 2025 Iloilo report described residents returning home before renewed flooding affected 896 families or 3,116 people.","In a selected flood-prone community, residents may interpret a cyclone's exit from the Philippine Area of Responsibility or one all-clear cue as the end of danger even when compound hazards continue; the frequency, message pathway, and behavioral effect of this interpretation remain unverified.","Premature return, delayed evacuation, or reduced protective action may increase exposure to renewed flooding and complicate response operations.","Residents, especially households in flood-prone areas, evacuees, and local responders","Residents in a selected Iloilo community may misinterpret a cyclone-exit or all-clear cue as the end of risk while monsoon-enhanced rainfall and flooding persist, potentially leading to premature return or delayed protective action.",D05 Disaster Risk Reduction landscape + Iloilo post-event and continuing-hazard reports,Some,Unknown,Medium,High,Medium,"Verify recurrence and the exact information pathway; distinguish official message content from media framing, rumor, and individual interpretation; do not label residents as misinformed from a single event report.",AI-assisted research curation,C18 (same hazard domain; distinct risk-communication and household-decision problem),Hold,"The documented event suggests a consequential compound-hazard interpretation problem with observable timing and behavior, but recurrence, causality, and the responsible communication stage are not yet established.","A July 2025 local report described renewed flooding after some residents returned home and recorded 896 affected families or 3,116 people; later reports also show the recurring cyclone-plus-habagat pattern. Evidence: https://www.imtnews.ph/torrential-rain-clogged-drains-saturated-soil-blamed-for-flooding-in-iloilo-city/ | https://pia.gov.ph/news/iloilo-city-sends-disaster-responses-amid-kiyapo-habagat/",2026-08-14,Medium,Discovery,Unknown,Not established,Not yet checked,Likely,Unconfirmed,Medium,Investigate,"A July 2025 local report described renewed flooding after some residents returned home and recorded 896 affected families or 3,116 people; later reports also show the recurring cyclone-plus-habagat pattern. Evidence: https://www.imtnews.ph/torrential-rain-clogged-drains-saturated-soil-blamed-for-flooding-in-iloilo-city/ | https://pia.gov.ph/news/iloilo-city-sends-disaster-responses-amid-kiyapo-habagat/",
C32,D05,Disaster Risk Reduction and Preparedness,"Residents, outdoor workers, students, older adults, people with chronic conditions, barangay officials, City Health Office, CDRRMO, schools, employers, and urban planners",One Iloilo City locality or institution during defined high-heat periods and the city's developing heat-action planning process,"The City Health Office tracks heat-related and heat-associated consultations, and Iloilo City is validating local heat risks and vulnerable groups for an Urban Heat Action Plan. Public reporting counted 924 broadly classified heat-related or heat-associated cases over five weeks and a heat-index peak of 47 degrees Celsius.","Within a selected locality or institution, available heat and health information may not identify which times, places, and vulnerable groups face the greatest actionable exposure or whether protective measures reach them; the exact local decision bottleneck remains unverified.","Protective measures may be too broad, late, or poorly targeted, while preventable heat exposure, service demand, lost work or school time, and health complications continue.","Heat-exposed residents and workers, students, vulnerable groups, service providers, and local government",A selected Iloilo City locality or institution may lack sufficiently localized and validated evidence to identify when and where vulnerable groups face actionable extreme-heat risk and whether existing protective measures reach them.,D05 Disaster Risk Reduction landscape + Iloilo health reporting + Urban Heat Action Plan evidence,Yes,Unknown,Medium,High,Medium,"Treat the 924 figure as a broad heat-related or heat-associated classification, not 924 confirmed heat illnesses; use de-identified aggregate data, validated exposure definitions, and one bounded decision context; cross-domain relevance to D03.",AI-assisted research curation,D03 cross-domain public-health relevance; no direct duplicate,Hold,"The burden is current, locally documented, climate-relevant, and linked to an active planning pathway; the case definition, spatial or institutional unit, and exact operational decision still need validation.",Public reporting counted 924 broadly classified heat-related or heat-associated cases over five weeks and a peak heat index of 47 degrees Celsius; Iloilo City is also validating local risks for an Urban Heat Action Plan. Evidence: https://www.pna.gov.ph/index.php/articles/1275063 | https://www.sunstar.com.ph/iloilo/iloilo-city-health-office-to-public-brace-for-el-ni%C3%B1o | https://www.unescap.org/events/2026/iloilo-city-urban-heat-action-planning-workshop-validating-local-heat-risks,2026-08-14,Medium,Discovery,Unknown,Not established,Not yet checked,Reachable,Unconfirmed,Medium,Investigate,Public reporting counted 924 broadly classified heat-related or heat-associated cases over five weeks and a peak heat index of 47 degrees Celsius; Iloilo City is also validating local risks for an Urban Heat Action Plan. Evidence: https://www.pna.gov.ph/index.php/articles/1275063 | https://www.sunstar.com.ph/iloilo/iloilo-city-health-office-to-public-brace-for-el-ni%C3%B1o | https://www.unescap.org/events/2026/iloilo-city-urban-heat-action-planning-workshop-validating-local-heat-risks,
C33,D05,Disaster Risk Reduction and Preparedness,"PDRRMO and MDRRMO personnel, barangay DRRM teams, rain-gauge and warning-system operators, local officials, and residents of flood-prone communities",One Iloilo municipality or barangay cluster using manual rain gauges or other local flood-observation points,"Local personnel inspect, read, communicate, and report rainfall or flood observations. Official provincial inventories documented nonfunctional manual rain gauges in Calinog, insufficient strategic coverage in other areas, and needs involving standardized reporting, communications, and power continuity.","In a selected locality, rainfall or flood observation points may not provide complete, timely, continuous, or representative data because of equipment condition, coverage, reporting, communications, or power limitations; the current extent of these failures is unverified.","Warning and response decisions may rely on missing, delayed, or unrepresentative observations, reducing lead time and confidence in localized action.","Residents of flood-prone communities, barangay and municipal responders, and local decision-makers","A selected Iloilo locality may experience incomplete or delayed rainfall and flood observations because of equipment, coverage, reporting, communications, or power-continuity limitations, potentially weakening localized warning and response decisions.",D05 Disaster Risk Reduction landscape + official Iloilo early-warning-system inventories,Some,Unknown,Medium,High,Medium,"The strongest inventory evidence is from 2024 and must be checked for current status; separate device failure, siting or coverage, reporting, communications, and power causes; avoid proposing additional sensors before confirming an operational need.",AI-assisted research curation,C18; C30 (same flood context; distinct observation-reliability bottleneck),Hold,"Official sources document concrete operational weaknesses with measurable completeness, uptime, timeliness, and coverage outcomes; currency, recurrence, and the affected local decision must be confirmed before prioritization.","Official Iloilo sources reported nonfunctional manual rain gauges, insufficient strategic coverage, and needs involving standardized reporting and communication or power continuity. Evidence: https://iloilo.gov.ph/en/environment-news/pdrrmo-conducts-mrg-inventory-enhance-iloilos-flood-monitoring | https://iloilo.gov.ph/en/environment-news/iloilo-drrm-officers-push-enhanced-early-warning-systems",2026-08-14,Low,Discovery,Unknown,Not established,Not yet checked,Likely,Unconfirmed,Low,Investigate,"Official Iloilo sources reported nonfunctional manual rain gauges, insufficient strategic coverage, and needs involving standardized reporting and communication or power continuity. Evidence: https://iloilo.gov.ph/en/environment-news/pdrrmo-conducts-mrg-inventory-enhance-iloilos-flood-monitoring | https://iloilo.gov.ph/en/environment-news/iloilo-drrm-officers-push-enhanced-early-warning-systems",
C34,D05,Disaster Risk Reduction and Preparedness,"Evacuees, barangay officials, PDRRMO or CDRRMO or MDRRMO personnel, evacuation-center managers, health and social-welfare staff, and facility owners",One Iloilo municipality or barangay with designated evacuation centers under a defined hazard scenario,"Local governments designate and assess evacuation centers, while local disaster officials identify sanitation, potable water, ventilation, comfort rooms, and privacy for vulnerable evacuees as readiness requirements. Readiness information may be inspected manually and may change with occupancy, supplies, and facility condition.","In a selected locality, officials may lack current and verifiable readiness information showing whether designated centers meet essential capacity and suitability requirements for the expected evacuee population, including vulnerable groups; the actual decision bottleneck remains unverified.","Evacuees may be directed to unsuitable or underprepared facilities, while supplies, staffing, or alternate sites are arranged late, increasing health, safety, accessibility, and dignity risks.","Evacuees, especially children, older adults, persons with disabilities, pregnant people, and the personnel responsible for center operations","A selected Iloilo locality may lack current, verifiable evidence that designated evacuation centers are ready and suitable for the expected population and vulnerable groups under a defined hazard scenario.",D05 Disaster Risk Reduction landscape + Iloilo evacuation-center readiness reporting,Some,Unknown,Medium,Medium,Medium,"Avoid a generic center registry or simple facility count; verify a real readiness decision, update frequency, and consequence; protect sensitive facility vulnerabilities and individual evacuee information; include accessibility and privacy requirements.",AI-assisted research curation,C18; C14 (same disaster domain or accessibility concern; distinct facility-readiness problem),Hold,"The preparedness requirements and consequences are locally documented and important, but the operational failure, update need, and computing contribution remain conditional and must be established in one locality.","Local disaster officials identified sanitation, potable water, ventilation, comfort rooms, and privacy for vulnerable evacuees as readiness needs; a mobile-shower turnover illustrates ongoing sanitation support. Evidence: https://www.pna.gov.ph/articles/1263022 | https://www.dailyguardian.com.ph/blog/metro-pacific-iloilo-water-turns-over-mobile-shower-to-iloilo-city-government1",2026-08-14,Medium,Discovery,Unknown,Not established,Not yet checked,Likely,Unconfirmed,Medium,Investigate,"Local disaster officials identified sanitation, potable water, ventilation, comfort rooms, and privacy for vulnerable evacuees as readiness needs; a mobile-shower turnover illustrates ongoing sanitation support. Evidence: https://www.pna.gov.ph/articles/1263022 | https://www.dailyguardian.com.ph/blog/metro-pacific-iloilo-water-turns-over-mobile-shower-to-iloilo-city-government1",